[{
	"id": "5:185",
	"type": "FRAME",
	"name": "Frame 1",
	"isAsset": false,
	"detachedInfo": null,
	"visible": true,
	"locked": false,
	"stuckNodes": [],
	"attachedConnectors": [],
	"componentPropertyReferences": null,
	"variableConsumptionMap": {},
	"boundVariables": {},
	"resolvedVariableModes": {},
	"inferredVariables": {},
	"availableInferredVariables": {},
	"explicitVariableModes": {},
	"opacity": 1,
	"blendMode": "PASS_THROUGH",
	"isMask": false,
	"maskType": "ALPHA",
	"effects": [],
	"effectStyleId": "",
	"relativeTransform": [
		[
			1,
			0,
			11
		],
		[
			0,
			1,
			-158
		]
	],
	"absoluteTransform": [
		[
			1,
			0,
			11
		],
		[
			0,
			1,
			-158
		]
	],
	"x": 11,
	"y": -158,
	"width": 293,
	"height": 225,
	"absoluteBoundingBox": {
		"x": 11,
		"y": -158,
		"width": 293,
		"height": 225
	},
	"targetAspectRatio": null,
	"gridRowSpan": 1,
	"gridColumnSpan": 1,
	"gridRowAnchorIndex": -1,
	"gridColumnAnchorIndex": -1,
	"gridChildHorizontalAlign": "AUTO",
	"gridChildVerticalAlign": "AUTO",
	"absoluteRenderBounds": {
		"x": 11,
		"y": -158,
		"width": 293,
		"height": 225
	},
	"rotation": 0,
	"layoutAlign": "INHERIT",
	"constrainProportions": false,
	"layoutGrow": 0,
	"layoutPositioning": "AUTO",
	"minWidth": null,
	"minHeight": null,
	"maxWidth": null,
	"maxHeight": null,
	"layoutSizingHorizontal": "FIXED",
	"layoutSizingVertical": "FIXED",
	"exportSettings": [],
	"fills": [
		{
			"type": "SOLID",
			"visible": true,
			"opacity": 1,
			"blendMode": "NORMAL",
			"color": {
				"r": 1,
				"g": 1,
				"b": 1
			},
			"boundVariables": {}
		}
	],
	"fillStyleId": "",
	"strokes": [],
	"strokeStyleId": "",
	"strokeWeight": 1,
	"strokeAlign": "INSIDE",
	"strokeJoin": "MITER",
	"dashPattern": [],
	"strokeCap": "NONE",
	"strokeMiterLimit": 4,
	"fillGeometry": [
		{
			"windingRule": "NONZERO",
			"data": "M0 0 L293 0 L293 225 L0 225 L0 0 Z"
		}
	],
	"strokeGeometry": [],
	"cornerRadius": 0,
	"cornerSmoothing": 0,
	"topLeftRadius": 0,
	"topRightRadius": 0,
	"bottomLeftRadius": 0,
	"bottomRightRadius": 0,
	"paddingLeft": 0,
	"paddingRight": 0,
	"paddingTop": 0,
	"paddingBottom": 0,
	"primaryAxisAlignItems": "MIN",
	"counterAxisAlignItems": "MIN",
	"primaryAxisSizingMode": "AUTO",
	"layoutWrap": "NO_WRAP",
	"counterAxisSpacing": 0,
	"counterAxisAlignContent": "AUTO",
	"gridRowCount": 0,
	"gridColumnCount": 0,
	"gridRowGap": 0,
	"gridColumnGap": 0,
	"gridRowSizingCSS": "",
	"gridColumnSizingCSS": "",
	"gridRowSizes": [],
	"gridColumnSizes": [],
	"strokeTopWeight": 1,
	"strokeBottomWeight": 1,
	"strokeLeftWeight": 1,
	"strokeRightWeight": 1,
	"inferredAutoLayout": null,
	"annotations": [],
	"layoutGrids": [],
	"gridStyleId": "",
	"backgrounds": [
		{
			"type": "SOLID",
			"visible": true,
			"opacity": 1,
			"blendMode": "NORMAL",
			"color": {
				"r": 1,
				"g": 1,
				"b": 1
			},
			"boundVariables": {}
		}
	],
	"backgroundStyleId": "",
	"clipsContent": true,
	"guides": [],
	"expanded": true,
	"constraints": {
		"horizontal": "MIN",
		"vertical": "MIN"
	},
	"layoutMode": "NONE",
	"counterAxisSizingMode": "FIXED",
	"horizontalPadding": 0,
	"verticalPadding": 0,
	"itemSpacing": 0,
	"overflowDirection": "NONE",
	"numberOfFixedChildren": 0,
	"overlayPositionType": "CENTER",
	"overlayBackground": {
		"type": "NONE"
	},
	"overlayBackgroundInteraction": "NONE",
	"itemReverseZIndex": false,
	"strokesIncludedInLayout": false,
	"devStatus": null,
	"reactions": [],
	"playbackSettings": {
		"autoplay": true,
		"loop": true,
		"muted": false
	},
	"parent": {
		"id": "0:1",
		"type": "PAGE"
	},
	"children": []
}]